q01	d016:0.1001,d259:0.0664,d254:0.0552,d186:0.053,d085:0.0471,d209:0.0443,d215:0.0372,d170:0.0363,d153:0.0339,d008:0.0318,d185:0.0276,d154:0.0269,d163:0.0267,d315:0.0265,d296:0.0224,d060:0.0219,d089:0.0213,d243:0.0189,d004:0.0185,d006:0.0177,d162:0.0164,d100:0.0162,d094:0.0153,d179:0.0146,d145:0.0145,d059:0.0139,d039:0.0134,d329:0.0132,d299:0.0132,d273:0.012,d312:0.0117,d028:0.0116,d311:0.0113,d082:0.0113,d281:0.0107,d255:0.0105,d065:0.0102,d074:0.0101,d317:0.01,d265:0.0099,d229:0.0098,d275:0.0098,d130:0.0097,d021:0.0088,d077:0.0084,d152:0.0084,d195:0.0079,d052:0.0077,d316:0.0075,d038:0.0073,d164:0.0072,d024:0.0071,d123:0.0069,d136:0.0067,d184:0.0057
q02	d147:0.0976,d149:0.0675,d283:0.0613,d134:0.041,d002:0.0368,d023:0.0355,d293:0.027,d187:0.0259,d014:0.0253,d052:0.0239,d282:0.0233,d139:0.0233,d316:0.0232,d143:0.0199,d039:0.0185,d150:0.018,d291:0.0172,d318:0.0171,d296:0.0153,d051:0.0148,d222:0.0144,d107:0.0139,d128:0.0137,d268:0.0137,d103:0.0136,d320:0.0129,d166:0.0128,d090:0.0119,d145:0.0116,d137:0.0114,d124:0.0107,d287:0.0105,d252:0.0101,d117:0.01,d250:0.0099,d106:0.0098,d131:0.0097,d119:0.0096,d142:0.0095,d254:0.0087,d108:0.0086,d211:0.0086,d306:0.0085,d058:0.0082,d164:0.0081,d248:0.0079,d172:0.0076,d160:0.0075,d234:0.0075,d185:0.0074,d046:0.0072,d020:0.0071,d031:0.0069,d007:0.0066,d197:0.0065,d227:0.0065,d173:0.0063,d018:0.0062,d290:0.0061,d047:0.0061,d246:0.0057,d237:0.0056,d017:0.0056,d044:0.0054,d305:0.0054,d245:0.0053,d221:0.0052,d210:0.0051,d144:0.005,d116:0.0049,d202:0.0048,d158:0.0047,d179:0.0046,d083:0.0046,d228:0.0046,d229:0.0046,d215:0.0045,d068:0.0045,d180:0.0044,d243:0.0044,d064:0.0044,d251:0.0044,d264:0.0043,d151:0.0043,d022:0.0042,d263:0.0042,d029:0.0042,d021:0.0041,d307:0.004,d098:0.004,d121:0.004,d042:0.0038,d319:0.0038,d260:0.0038,d054:0.0038,d204:0.0037,d239:0.0037,d154:0.0037,d153:0.0036,d019:0.0036,d082:0.0035,d255:0.0033,d140:0.0033,d062:0.0033,d212:0.0032,d122:0.0031,d206:0.0031,d130:0.0031,d129:0.003,d323:0.003,d269:0.003,d224:0.003,d322:0.0029,d120:0.0029,d308:0.0029,d327:0.0029,d218:0.0028,d225:0.0028,d077:0.0027,d200:0.0027,d005:0.0027,d242:0.0027,d055:0.0026,d010:0.0026,d257:0.0026,d262:0.0025,d186:0.0024,d141:0.0024,d118:0.0024,d236:0.0023,d133:0.0023,d324:0.0023,d102:0.0023,d043:0.0022,d219:0.0021,d040:0.002,d232:0.002,d050:0.002,d230:0.002,d198:0.002,d313:0.002,d273:0.0019,d266:0.0019,d163:0.0018,d190:0.0018,d300:0.0018,d101:0.0018,d001:0.0018,d067:0.0017,d284:0.0017,d045:0.0017,d279:0.0017,d061:0.0017,d309:0.0017,d281:0.0017,d271:0.0017,d297:0.0017,d196:0.0016,d233:0.0016,d037:0.0016,d317:0.0016,d298:0.0016,d191:0.0015,d238:0.0015,d226:0.0015,d063:0.0015,d278:0.0015,d004:0.0015,d161:0.0015,d277:0.0015,d188:0.0015,d285:0.0015,d302:0.0014,d330:0.0014,d152:0.0014,d216:0.0014,d286:0.0013,d085:0.0013,d162:0.0013,d205:0.0013,d214:0.0013,d194:0.0012,d314:0.0012,d079:0.0012,d244:0.0012,d249:0.0011,d304:0.0011,d328:0.0011,d024:0.0011,d136:0.0011,d080:0.0011,d203:0.0011,d294:0.001,d003:0.0009,d184:0.0009
q03	d291:0.0484,d283:0.0347,d152:0.0338
q04	d019:0.1567,d270:0.1351,d049:0.1225,d275:0.08,d310:0.0733,d010:0.0685,d289:0.0438,d286:0.0351,d130:0.0255,d330:0.0247,d100:0.0219,d060:0.0202,d199:0.0161,d184:0.0156,d013:0.0156,d091:0.0149,d205:0.0145,d252:0.0142,d111:0.0141,d314:0.0133,d110:0.0131,d093:0.013,d046:0.012,d196:0.0116,d296:0.0111,d300:0.011,d081:0.0096,d142:0.0096,d121:0.0095,d306:0.0095,d312:0.0094,d298:0.0093,d208:0.0092,d221:0.0091,d113:0.0087,d075:0.0087,d251:0.0086,d018:0.0085,d213:0.0084,d308:0.008,d082:0.0078,d303:0.0078,d133:0.0071,d268:0.0069,d145:0.0069,d271:0.0068,d117:0.0067,d030:0.0066,d246:0.0063,d301:0.0063,d262:0.0063,d124:0.0061,d041:0.006,d216:0.0059,d307:0.0059,d292:0.0058,d108:0.0058,d061:0.0057,d290:0.0057,d114:0.0056,d180:0.0056,d001:0.0056,d230:0.0056,d198:0.0055,d009:0.0054,d048:0.0054,d276:0.0053,d193:0.0053,d005:0.0052,d163:0.0051,d122:0.0051,d022:0.005,d071:0.005,d227:0.0049,d160:0.0049,d043:0.0049,d264:0.0048,d089:0.0047,d020:0.0046,d327:0.0046,d212:0.0045,d087:0.0045,d119:0.0045,d238:0.0045,d050:0.0044,d129:0.0044,d248:0.0043,d088:0.0043,d250:0.0042,d215:0.0042,d263:0.004,d102:0.004,d194:0.004,d197:0.0039,d255:0.0039,d042:0.0038,d024:0.0038,d164:0.0038,d279:0.0037,d219:0.0037,d062:0.0037,d131:0.0036,d106:0.0035,d029:0.0034,d006:0.0034,d226:0.0033,d269:0.0033,d253:0.0033,d040:0.0033,d125:0.0032,d200:0.0032,d319:0.0031,d181:0.0031,d261:0.003,d210:0.003,d266:0.003,d162:0.0029,d192:0.0029,d202:0.0028,d104:0.0028,d234:0.0028,d294:0.0028,d023:0.0028,d112:0.0027,d191:0.0027,d059:0.0026,d220:0.0026,d120:0.0026,d265:0.0025,d280:0.0025,d126:0.0025,d259:0.0025,d063:0.0024,d012:0.0024,d058:0.0024,d123:0.0024,d047:0.0024,d136:0.0024,d242:0.0024,d291:0.0023,d073:0.0022,d021:0.0022,d054:0.0022,d175:0.0022,d092:0.0022,d189:0.0022,d055:0.0021,d257:0.0021,d214:0.002,d241:0.002,d249:0.002,d052:0.002,d284:0.002,d144:0.002,d186:0.0019,d157:0.0019,d037:0.0019,d244:0.0019,d206:0.0018,d304:0.0018,d032:0.0018,d143:0.0018,d039:0.0017,d302:0.0017,d095:0.0017,d225:0.0016,d147:0.0016,d235:0.0016,d044:0.0016,d027:0.0016,d008:0.0013,d007:0.0013,d151:0.0013,d217:0.0013,d174:0.0012,d232:0.0012,d098:0.0012,d070:0.0012,d295:0.0011,d237:0.0011,d156:0.0011,d209:0.001,d287:0.001,d031:0.001,d146:0.001,d065:0.001,d274:0.001,d099:0.001,d207:0.0009,d229:0.0009,d278:0.0009,d051:0.0009,d169:0.0008,d076:0.0008,d166:0.0008,d247:0.0008,d014:0.0008,d283:0.0008,d256:0.0008,d015:0.0008,d085:0.0008,d195:0.0008,d183:0.0008,d115:0.0007,d316:0.0007,d168:0.0007,d118:0.0007,d324:0.0007,d179:0.0007,d079:0.0007,d038:0.0007,d258:0.0006,d080:0.0006,d203:0.0006,d260:0.0006,d003:0.0005,d293:0.0005,d177:0.0004
q06	d297:0.5078,d329:0.3596,d026:0.1841,d029:0.1391,d025:0.1029,d257:0.0922,d233:0.0737,d166:0.0275,d154:0.0267,d023:0.0246,d215:0.0216,d012:0.0212,d077:0.0209,d211:0.0207,d186:0.0184,d139:0.0173,d060:0.0167,d265:0.0149,d303:0.0138,d021:0.0133,d225:0.0132,d134:0.0128,d245:0.0126,d231:0.0124,d236:0.0112,d220:0.0106,d070:0.0096,d110:0.0095,d270:0.0093,d319:0.0092,d003:0.0089,d163:0.0088,d192:0.0086,d209:0.0086,d034:0.0084,d104:0.0084,d081:0.0082,d061:0.0081,d069:0.0079,d202:0.0078,d018:0.0075,d129:0.0072,d046:0.007,d247:0.0069,d208:0.0067,d087:0.0067,d044:0.0066,d305:0.0065,d205:0.0062,d234:0.006,d262:0.006,d116:0.006,d052:0.006,d199:0.0059,d079:0.0055,d033:0.0053,d039:0.0052,d098:0.0048,d294:0.0048
q07	d146:0.1809,d289:0.1358,d004:0.0829,d266:0.0507,d034:0.0487,d098:0.048,d123:0.0371,d042:0.0352,d284:0.035,d234:0.0344,d113:0.0289,d044:0.028,d153:0.0259,d078:0.0238,d287:0.0233,d117:0.023,d140:0.0226,d062:0.022,d247:0.0215,d211:0.0191,d165:0.0187,d149:0.0184,d262:0.0167,d033:0.0166,d011:0.0155,d139:0.0149,d151:0.0148,d057:0.0136,d255:0.0124,d240:0.0123,d293:0.0123,d074:0.0119,d083:0.0116,d271:0.0116,d137:0.0108,d071:0.0105,d087:0.0105,d323:0.0104,d253:0.0103,d305:0.0102,d150:0.0098,d115:0.0096,d252:0.0096,d282:0.0093,d200:0.0093,d157:0.0087,d179:0.0079,d084:0.0079,d143:0.0076,d158:0.007
q08	d251:0.1917,d292:0.1554,d180:0.1124,d106:0.1003,d110:0.0985,d108:0.0822,d117:0.0817,d235:0.0733,d005:0.0685,d107:0.0588,d028:0.0562,d144:0.0486,d246:0.0477,d271:0.0379,d269:0.0328,d304:0.0324,d205:0.0309,d115:0.0291,d075:0.0255,d125:0.0253,d030:0.0244,d070:0.0201,d091:0.0196,d121:0.0196,d130:0.0185,d294:0.0174,d312:0.0164,d198:0.014,d019:0.0131,d104:0.0127,d224:0.0123,d043:0.0121,d189:0.01,d059:0.0096,d138:0.009,d062:0.009,d142:0.0084,d266:0.0076,d192:0.0075,d196:0.0067,d232:0.0062,d151:0.0062,d327:0.0061,d282:0.0059,d290:0.0058,d270:0.0058,d044:0.0058,d113:0.0057,d122:0.0051,d081:0.0051,d082:0.005,d148:0.0049,d045:0.0049,d215:0.0047,d037:0.0046,d099:0.0045,d202:0.0045,d095:0.0045,d063:0.0044,d207:0.0043,d226:0.0042,d126:0.0042,d288:0.0042,d223:0.0041,d089:0.0041,d093:0.0041,d127:0.0041,d221:0.0041,d022:0.004,d216:0.0039,d210:0.0039,d197:0.0038,d264:0.0038,d213:0.0037,d080:0.0037,d281:0.0035,d118:0.0034,d250:0.0034,d133:0.0034,d236:0.0033,d024:0.0032,d040:0.0032,d201:0.0032,d325:0.0032,d009:0.0032,d219:0.0032,d008:0.0031,d123:0.0031,d035:0.0031,d050:0.003,d209:0.0029,d170:0.0029,d255:0.0028,d240:0.0028,d301:0.0027,d237:0.0026,d001:0.0025,d155:0.0025,d076:0.0025,d013:0.0025,d274:0.0025,d320:0.0025,d078:0.0024,d287:0.0024,d286:0.0024,d096:0.0024,d015:0.0023,d193:0.0023,d296:0.0022,d135:0.0022,d085:0.0022,d278:0.0022,d195:0.0021,d308:0.0021,d087:0.0021,d046:0.0021,d073:0.0021,d305:0.002,d241:0.002,d079:0.0019,d200:0.0018,d042:0.0018,d316:0.0017,d039:0.0017,d182:0.0016,d164:0.0016,d038:0.0016,d203:0.0014,d190:0.0014,d034:0.0014,d074:0.001,d124:0.0009,d026:0.0008,d225:0.0008,d064:0.0008,d103:0.0008,d101:0.0007,d206:0.0007,d261:0.0007,d051:0.0006,d006:0.0006,d109:0.0006,d174:0.0006,d131:0.0006,d330:0.0006,d244:0.0006,d248:0.0006,d265:0.0006,d291:0.0005,d120:0.0005,d314:0.0005,d168:0.0005,d306:0.0005,d111:0.0005,d228:0.0005,d284:0.0005,d309:0.0005,d260:0.0005,d069:0.0005,d212:0.0005,d217:0.0005,d119:0.0005,d263:0.0004,d329:0.0004,d194:0.0004,d160:0.0004,d253:0.0004,d129:0.0004,d088:0.0004,d179:0.0004,d319:0.0004,d054:0.0004,d208:0.0004,d283:0.0004,d165:0.0004,d222:0.0004,d153:0.0004,d307:0.0004,d303:0.0004,d097:0.0004,d060:0.0004,d055:0.0004,d257:0.0004,d149:0.0004,d053:0.0004,d262:0.0004,d116:0.0004,d052:0.0004,d048:0.0004,d199:0.0003,d233:0.0003,d275:0.0003,d191:0.0003,d280:0.0003,d102:0.0003,d220:0.0003,d161:0.0003,d254:0.0003,d322:0.0003,d007:0.0003,d218:0.0003,d268:0.0003,d147:0.0003,d047:0.0003,d077:0.0003,d114:0.0003,d143:0.0003,d098:0.0003,d313:0.0003,d017:0.0003,d086:0.0003,d158:0.0003,d163:0.0003,d184:0.0003,d311:0.0003,d049:0.0003,d267:0.0002,d067:0.0002,d279:0.0002,d140:0.0002,d065:0.0002,d136:0.0002,d317:0.0002,d083:0.0002,d298:0.0002,d229:0.0002,d071:0.0002,d175:0.0002,d318:0.0002,d323:0.0002,d285:0.0002,d302:0.0002,d137:0.0002,d211:0.0002,d020:0.0002,d021:0.0002,d152:0.0002,d293:0.0002,d242:0.0002,d231:0.0002,d100:0.0002,d289:0.0002,d094:0.0002,d066:0.0002,d145:0.0002,d068:0.0002,d276:0.0002,d328:0.0002,d033:0.0002,d227:0.0002,d029:1e-04,d002:1e-04,d230:1e-04,d295:1e-04,d172:1e-04,d273:1e-04,d239:1e-04,d003:1e-04,d272:1e-04,d300:1e-04,d171:1e-04,d072:1e-04,d181:1e-04,d023:1e-04,d061:1e-04,d297:1e-04,d321:1e-04,d112:1e-04,d032:1e-04,d243:1e-04,d166:1e-04,d247:1e-04,d132:1e-04,d012:1e-04,d183:1e-04,d252:1e-04,d234:1e-04,d214:1e-04,d084:1e-04,d157:1e-04,d139:1e-04,d258:1e-04,d177:0.0
q09	d199:0.2558,d198:0.1558,d217:0.0816,d177:0.0738,d223:0.0641,d220:0.0419,d085:0.0404,d299:0.0349,d052:0.0335,d330:0.0319,d069:0.0277,d205:0.0243,d175:0.0239,d065:0.0221,d323:0.0204,d169:0.0194,d211:0.0194,d172:0.0193,d068:0.0192,d273:0.019,d086:0.0189,d016:0.0177,d089:0.0148,d073:0.014,d021:0.014,d041:0.0138,d162:0.0134,d116:0.0126,d284:0.0115,d233:0.0107,d087:0.0094,d256:0.0093,d286:0.009,d221:0.0087,d231:0.0087,d186:0.0081,d179:0.0078,d038:0.0077,d008:0.0074,d219:0.0071,d029:0.0071,d294:0.0067,d312:0.0063,d272:0.0061,d192:0.006,d072:0.0059,d111:0.0059,d170:0.0059,d081:0.0058,d240:0.0055,d202:0.0054,d122:0.0053,d071:0.0052,d259:0.0051,d254:0.0049,d308:0.0049,d166:0.0048,d268:0.0047,d097:0.0045,d010:0.0044,d055:0.0044,d100:0.0043,d234:0.0042,d214:0.0042,d194:0.0041,d193:0.004,d244:0.0039,d328:0.0038,d098:0.0034,d158:0.0031
q10	d060:0.0419,d036:0.0395,d231:0.0344,d100:0.0309,d052:0.0234,d034:0.0205,d072:0.0137,d031:0.0136,d030:0.0131,d091:0.0113,d221:0.0098,d281:0.0097,d092:0.0097,d215:0.0096,d314:0.0096,d233:0.0093,d170:0.0091,d079:0.009,d305:0.0087,d285:0.0084,d235:0.008,d294:0.0078,d085:0.0077,d068:0.0073,d288:0.0073,d142:0.0073,d035:0.0069,d042:0.0067,d069:0.0062,d295:0.0062,d113:0.0061,d059:0.0058,d220:0.0058,d124:0.0058,d064:0.0057,d258:0.0056,d217:0.0056,d076:0.0054,d279:0.0054,d040:0.0053,d114:0.0053,d122:0.005,d313:0.0046,d109:0.0045,d117:0.0044,d282:0.0043,d330:0.0043,d099:0.0042,d202:0.0042,d201:0.0041,d194:0.0039,d254:0.0038,d308:0.0038,d118:0.0038,d246:0.0038,d020:0.0037,d327:0.0037,d244:0.0037,d012:0.0036,d256:0.0036,d323:0.0036,d024:0.0036,d041:0.0036,d165:0.0036,d044:0.0036,d198:0.0035,d010:0.0034,d263:0.0034,d026:0.0034,d283:0.0033,d077:0.0032,d048:0.0031,d125:0.003,d179:0.003,d167:0.0026,d151:0.0026,d137:0.0025,d260:0.0025,d329:0.0024,d021:0.0024,d268:0.0024,d058:0.0024,d152:0.0024,d172:0.0023,d054:0.0022,d154:0.0022,d057:0.0021,d192:0.0021,d001:0.0021,d325:0.002,d065:0.0019,d159:0.0019,d130:0.0018,d018:0.0018,d071:0.0018,d322:0.0017,d223:0.0017,d177:0.0017,d095:0.0017,d132:0.0017,d015:0.0016,d216:0.0016,d205:0.0015,d271:0.0015,d214:0.0015,d289:0.0015,d066:0.0014,d316:0.0014,d141:0.0014,d009:0.0014,d280:0.0013,d328:0.0013,d264:0.0013,d022:0.0013,d310:0.0012,d203:0.0012,d219:0.0012,d029:0.0012,d174:0.0012,d299:0.0012,d232:0.0012,d230:0.0012,d110:0.0012,d248:0.0012,d301:0.0012,d291:0.0011,d319:0.0011,d312:0.0011,d237:0.0011,d273:0.0011,d086:0.0011,d204:0.0011,d190:0.0011,d303:0.0011,d209:0.0011,d171:0.001,d101:0.001,d081:0.001,d023:0.001,d045:0.001,d146:0.001,d061:0.001,d144:0.001,d255:0.001,d131:0.001,d240:0.001,d212:0.001,d320:0.001,d331:0.0009,d074:0.0009,d056:0.0009,d126:0.0009,d229:0.0009,d135:0.0009,d259:0.0009,d063:0.0009,d129:0.0009,d185:0.0009,d046:0.0009,d148:0.0009,d211:0.0008,d247:0.0008,d218:0.0008,d014:0.0008,d073:0.0008,d307:0.0008,d097:0.0008,d025:0.0008,d027:0.0008,d138:0.0008,d016:0.0008,d055:0.0008,d257:0.0008,d115:0.0008,d107:0.0008,d173:0.0007,d234:0.0007,d262:0.0007,d241:0.0007,d250:0.0007,d199:0.0007,d168:0.0007,d193:0.0007,d093:0.0007,d133:0.0007,d249:0.0007,d251:0.0007,d136:0.0006,d039:0.0006,d080:0.0006,d175:0.0006,d017:0.0006,d003:0.0005,d293:0.0005
q12	d258:0.3465,d277:0.2748,d239:0.0884,d250:0.0884,d056:0.0494,d132:0.0408,d081:0.0332,d301:0.0322,d078:0.0314,d176:0.0305,d096:0.0283,d138:0.0272,d229:0.0243,d156:0.0231,d012:0.0227,d034:0.0227,d015:0.0224,d191:0.0197,d011:0.0194,d270:0.0181,d331:0.0149,d280:0.0146,d302:0.0135,d095:0.0133,d182:0.0131,d225:0.0129,d295:0.0125,d184:0.0118,d190:0.0118,d060:0.0112,d236:0.0109,d297:0.0106,d102:0.0106,d151:0.0101,d035:0.0101,d169:0.0093,d076:0.0093,d021:0.0089,d235:0.0089,d124:0.0084,d150:0.0084,d067:0.0082,d122:0.0074,d317:0.0073,d129:0.0071,d051:0.007,d243:0.0069,d180:0.0069,d143:0.0065,d197:0.0062,d010:0.0061,d183:0.006,d052:0.0058,d316:0.0057,d109:0.0056,d141:0.0055,d003:0.0044,d303:0.0042
q13	d272:0.0718,d049:0.051,d276:0.0362,d258:0.0346,d056:0.0335,d241:0.0321,d239:0.0298,d043:0.0259,d317:0.0247,d277:0.0247,d286:0.0238,d309:0.022,d205:0.0217,d042:0.0212,d194:0.0207,d221:0.0203,d099:0.0198,d040:0.0183,d070:0.0176,d288:0.017,d026:0.0158,d047:0.0156,d060:0.0153,d087:0.0151,d285:0.0151,d311:0.0149,d126:0.0147,d303:0.0143,d289:0.0135,d183:0.013,d019:0.013,d165:0.0121,d015:0.012,d262:0.0119,d245:0.0117,d157:0.0117,d281:0.0117,d297:0.0115,d310:0.0115,d292:0.011,d130:0.0106,d222:0.0094,d161:0.0093,d269:0.0092,d138:0.009,d248:0.0088,d249:0.0088,d162:0.0083,d305:0.0083,d142:0.0082,d237:0.008,d100:0.0078,d129:0.0077,d059:0.0076,d136:0.0076,d235:0.0075,d290:0.0073,d189:0.0073,d002:0.0073,d061:0.0072,d050:0.0072,d119:0.0072,d190:0.0072,d174:0.0071,d139:0.0071,d313:0.007,d018:0.007,d200:0.007,d150:0.0067,d075:0.0067,d088:0.0066,d312:0.0064,d046:0.0062,d028:0.0062,d013:0.0061,d124:0.0061,d171:0.0059,d022:0.0058,d007:0.0058,d037:0.0057,d274:0.0055,d191:0.0055,d159:0.0055,d263:0.0054,d122:0.0053,d243:0.0053,d141:0.0053,d270:0.0052,d113:0.0052,d135:0.0052,d323:0.0051,d051:0.0051,d164:0.005,d148:0.0049,d156:0.0049,d072:0.0048,d170:0.0047,d318:0.0045,d240:0.0044,d212:0.0044,d257:0.0044,d074:0.0043,d259:0.0041,d079:0.0041,d094:0.0041,d244:0.0041,d253:0.0041,d228:0.004,d304:0.004,d103:0.004,d215:0.004,d246:0.0039,d180:0.0039,d064:0.0039,d280:0.0038,d147:0.0037,d033:0.0037,d012:0.0037,d256:0.0037,d029:0.0037,d123:0.0037,d058:0.0036,d016:0.0036,d096:0.0034,d250:0.0034,d107:0.0034,d172:0.0034,d319:0.0034,d173:0.0033,d204:0.0033,d118:0.0032,d193:0.0032,d153:0.0032,d287:0.0031,d128:0.003,d117:0.003,d255:0.0029,d271:0.0029,d098:0.0027,d224:0.0026,d322:0.0026,d211:0.0025,d327:0.0025,d158:0.0025,d218:0.0025,d225:0.0024,d077:0.0024,d055:0.0023,d210:0.0023,d234:0.0022,d052:0.0022,d316:0.0021,d186:0.0021,d145:0.0021,d236:0.0021,d179:0.002,d102:0.002,d227:0.0019,d219:0.0018,d232:0.0018,d143:0.0018,d230:0.0018,d106:0.0017,d198:0.0017,d291:0.0017,d017:0.0017,d273:0.0017,d266:0.0016,d163:0.0016,d300:0.0016,d101:0.0015,d001:0.0015,d067:0.0015,d023:0.0015,d284:0.0015,d045:0.0015,d279:0.0015,d144:0.0015,d196:0.0014,d202:0.0014,d233:0.0014,d083:0.0014,d298:0.0014,d229:0.0014,d160:0.0013,d238:0.0013,d226:0.0013,d063:0.0013,d278:0.0013,d004:0.0013,d185:0.0013,d188:0.0013,d302:0.0013,d166:0.0013,d020:0.0013,d014:0.0012,d021:0.0012,d330:0.0012,d152:0.0012,d216:0.0012,d307:0.0012,d134:0.0012,d085:0.0012,d121:0.0012,d197:0.0012,d149:0.0011,d214:0.0011,d314:0.0011,d328:0.001,d024:0.001,d080:0.0009,d203:0.0009,d294:0.0009,d003:0.0008,d184:0.0008,d293:0.0008
q14	d145:0.1704,d041:0.0739,d121:0.0718,d002:0.0701,d091:0.0675,d081:0.0647,d122:0.0647,d180:0.0586,d117:0.0582,d030:0.0582,d093:0.0553,d144:0.05,d133:0.0483,d082:0.041,d209:0.0409,d125:0.0404,d280:0.0395,d022:0.0386,d136:0.0377,d242:0.0361,d075:0.0355,d052:0.0351,d085:0.0347,d277:0.0317,d005:0.0314,d247:0.031,d299:0.03,d062:0.0299,d130:0.0283,d094:0.0282,d330:0.0274,d142:0.0248,d069:0.0238,d314:0.0221,d175:0.0205,d104:0.0203,d089:0.0202,d031:0.0199,d065:0.019,d181:0.0178,d229:0.0176,d323:0.0176,d169:0.0167,d211:0.0166,d172:0.0166,d068:0.0165,d273:0.0163,d086:0.0163,d025:0.0153,d016:0.0152,d192:0.0144,d288:0.0143,d308:0.0137,d174:0.0135,d115:0.0131,d073:0.012,d021:0.012,d254:0.0118,d162:0.0115,d116:0.0108,d097:0.0107,d110:0.0102,d284:0.0099,d238:0.0098,d233:0.0092,d023:0.0087,d223:0.0083,d087:0.008,d256:0.008,d286:0.0077,d221:0.0075,d231:0.0075,d147:0.0071,d186:0.0069,d179:0.0067,d038:0.0066,d143:0.0065,d008:0.0063,d219:0.0061,d029:0.0061,d293:0.0058,d294:0.0058,d198:0.0057,d312:0.0055,d272:0.0053,d072:0.0051,d111:0.0051,d170:0.005,d240:0.0047,d202:0.0047,d071:0.0044,d259:0.0044,d166:0.0042,d268:0.004,d010:0.0038,d055:0.0038,d100:0.0037,d234:0.0036,d214:0.0036,d194:0.0035,d193:0.0035,d244:0.0033,d328:0.0032,d098:0.0029,d158:0.0027
q16	d184:0.1385,d250:0.094,d132:0.0939,d277:0.0688,d176:0.0656,d095:0.0537,d239:0.0527,d081:0.0486,d229:0.0435,d156:0.0338,d078:0.0337,d034:0.0332,d279:0.0321,d056:0.0295,d191:0.0288,d150:0.0245,d096:0.024,d236:0.022,d280:0.0214,d024:0.0211,d329:0.0196,d295:0.0183,d086:0.0177,d158:0.0176,d190:0.0172,d060:0.0164,d297:0.0156,d083:0.0146,d071:0.0145,d254:0.0138,d169:0.0136,d076:0.0135,d306:0.0135,d021:0.013,d147:0.013,d235:0.013,d165:0.0129,d077:0.0128,d152:0.0127,d097:0.0126,d138:0.0125,d231:0.0121,d049:0.0112,d182:0.0111,d133:0.0111,d143:0.0095,d293:0.0085
q17	d172:0.1327,d271:0.0937,d146:0.0851,d121:0.0617,d091:0.0568,d024:0.0381,d183:0.0356,d171:0.0292,d274:0.0206,d316:0.0143,d289:0.0138,d066:0.0135,d190:0.0115,d299:0.0115,d106:0.011,d297:0.0104,d239:0.0104,d212:0.0103,d163:0.0102,d030:0.0093,d188:0.0092,d137:0.0091,d132:0.009,d130:0.0087,d262:0.007,d250:0.0069,d258:0.0068
q18	d192:0.379,d194:0.3059,d201:0.2167,d230:0.1997,d111:0.1396,d210:0.1098,d207:0.1078,d216:0.0708,d222:0.0685,d223:0.0674,d199:0.0656,d219:0.0524,d055:0.052,d208:0.0474,d198:0.0399,d209:0.0384,d203:0.0382,d220:0.0367,d061:0.0358,d053:0.0336,d163:0.0329,d197:0.0326,d191:0.0323,d227:0.029,d301:0.0278,d322:0.0266,d142:0.0236,d215:0.0234,d221:0.0231,d213:0.0216,d296:0.0207,d202:0.0201,d193:0.0196,d276:0.0177,d304:0.016,d279:0.0152,d266:0.0151,d251:0.0151,d200:0.0149,d204:0.0145,d195:0.0141,d206:0.0128,d224:0.0122,d211:0.0119,d218:0.0109,d303:0.0107,d214:0.0098,d174:0.0093,d058:0.0092,d248:0.0088,d182:0.0087,d260:0.0085,d172:0.0085,d078:0.008,d315:0.0076,d028:0.0075,d110:0.0073,d072:0.0072,d240:0.0068,d212:0.0067,d124:0.0066,d302:0.0064,d246:0.0064,d137:0.0064,d129:0.0062,d268:0.0062,d235:0.0061,d330:0.006,d027:0.0059,d071:0.0057,d282:0.0056,d242:0.0056,d052:0.0056,d253:0.0055,d089:0.0054,d205:0.0053,d020:0.0053,d241:0.0046,d098:0.0045,d249:0.0042,d280:0.0042,d123:0.004,d271:0.0038,d048:0.003,d177:0.0027
q19	d179:0.1839,d323:0.0607,d102:0.049,d004:0.0443,d273:0.0426,d021:0.0309,d310:0.03,d001:0.0296,d069:0.0279,d320:0.0277,d330:0.0269,d028:0.0257,d136:0.0246,d015:0.0231,d056:0.0222,d194:0.0183,d088:0.0167,d078:0.0152,d055:0.0148,d204:0.0138,d222:0.0135,d153:0.0134,d321:0.0123,d035:0.0123,d138:0.0113,d051:0.0111,d277:0.0109,d266:0.0105,d200:0.0101,d095:0.0081,d258:0.008,d189:0.0076,d241:0.0071,d289:0.007,d293:0.0067,d299:0.0059,d098:0.0057,d230:0.0057,d106:0.0056,d091:0.0055,d291:0.0055,d272:0.0052,d300:0.0051,d111:0.005,d309:0.0048,d274:0.0046,d212:0.0046,d191:0.0043,d129:0.0043,d180:0.0042,d254:0.0042,d147:0.0039,d197:0.0037,d257:0.0037,d231:0.0037,d092:0.0035,d109:0.0034,d193:0.0034,d175:0.0029,d294:0.0028,d190:0.0026
q22	d258:0.1035,d049:0.0618,d277:0.0616,d239:0.061,d266:0.0589,d011:0.0571,d056:0.053,d327:0.0456,d297:0.0449,d286:0.0368,d010:0.0352,d184:0.0337,d331:0.0269,d159:0.0246,d149:0.0232,d138:0.0218,d145:0.0215,d330:0.0187,d319:0.0173,d072:0.0161,d270:0.0153,d240:0.015,d135:0.0139,d004:0.0135,d020:0.013,d121:0.0122,d229:0.0121,d100:0.0116,d302:0.0114,d095:0.0112,d132:0.0112,d225:0.0109,d164:0.0105,d157:0.0104,d064:0.01,d096:0.01,d007:0.01,d250:0.0098,d299:0.0095,d236:0.0092,d102:0.009,d086:0.0086,d151:0.0085,d035:0.0085,d190:0.0084,d153:0.0083,d146:0.0078,d140:0.0076,d069:0.0075,d233:0.0073,d124:0.0071,d078:0.0071,d067:0.0069,d176:0.0069,d127:0.0069,d147:0.0063,d305:0.0062,d122:0.0062,d152:0.0062,d317:0.0062,d055:0.006,d129:0.0059,d051:0.0059,d243:0.0058,d180:0.0058,d116:0.0057,d092:0.0057,d280:0.0052,d197:0.0052,d328:0.0051,d183:0.0051,d052:0.0049,d316:0.0048,d109:0.0047,d182:0.0047,d141:0.0047,d098:0.0046,d003:0.0037,d303:0.0035
q23	d219:0.684,d276:0.0806,d323:0.0231,d026:0.0197,d007:0.0037,d245:0.0029,d221:0.0029,d318:0.0028,d228:0.0026,d103:0.0026,d215:0.0025,d180:0.0025,d064:0.0024,d029:0.0023,d058:0.0023,d248:0.0022,d107:0.0021,d172:0.0021,d319:0.0021,d173:0.0021,d204:0.0021,d222:0.002,d153:0.002,d019:0.002,d287:0.002,d128:0.0019,d117:0.0019,d255:0.0018,d119:0.0018,d018:0.0018,d129:0.0017,d224:0.0017,d322:0.0016,d211:0.0016,d327:0.0016,d158:0.0016,d218:0.0016,d225:0.0015,d077:0.0015,d200:0.0015,d055:0.0015,d150:0.0015,d210:0.0014,d234:0.0014,d052:0.0014,d316:0.0014,d186:0.0013,d141:0.0013,d145:0.0013,d236:0.0013,d179:0.0013,d102:0.0013,d043:0.0012,d227:0.0012,d263:0.0012,d290:0.0011,d047:0.0011,d040:0.0011,d232:0.0011,d002:0.0011,d143:0.0011,d050:0.0011,d230:0.0011,d106:0.0011,d198:0.0011,d313:0.0011,d291:0.0011,d142:0.0011,d237:0.0011,d017:0.0011,d273:0.0011,d266:0.001,d163:0.001,d190:0.001,d300:0.001,d101:0.001,d001:0.001,d067:0.001,d023:0.001,d284:0.001,d045:0.001,d279:0.001,d061:0.0009,d144:0.0009,d309:0.0009,d281:0.0009,d297:0.0009,d196:0.0009,d202:0.0009,d233:0.0009,d037:0.0009,d317:0.0009,d083:0.0009,d298:0.0009,d229:0.0009,d191:0.0009,d160:0.0009,d238:0.0009,d226:0.0008,d063:0.0008,d278:0.0008,d004:0.0008,d185:0.0008,d243:0.0008,d161:0.0008,d277:0.0008,d188:0.0008,d046:0.0008,d285:0.0008,d302:0.0008,d166:0.0008,d020:0.0008,d014:0.0008,d021:0.0008,d330:0.0008,d152:0.0008,d216:0.0008,d307:0.0008,d134:0.0007,d286:0.0007,d085:0.0007,d121:0.0007,d162:0.0007,d197:0.0007,d042:0.0007,d205:0.0007,d149:0.0007,d214:0.0007,d194:0.0007,d314:0.0007,d164:0.0007,d079:0.0006,d244:0.0006,d249:0.0006,d304:0.0006,d139:0.0006,d328:0.0006,d024:0.0006,d136:0.0006,d080:0.0006,d203:0.0006,d294:0.0006,d003:0.0005,d184:0.0005,d293:0.0005
q24	d199:0.116,d220:0.0697,d223:0.0678,d061:0.064,d198:0.062,d222:0.0571,d216:0.053,d219:0.0494,d099:0.046,d201:0.0427,d192:0.0423,d243:0.0419,d213:0.041,d210:0.0404,d202:0.0381,d088:0.037,d042:0.0365,d282:0.0363,d034:0.0332,d060:0.0328,d255:0.031,d274:0.0308,d080:0.0301,d074:0.0298,d112:0.0292,d194:0.0289,d098:0.0284,d240:0.0283,d129:0.026,d096:0.024,d215:0.0236,d289:0.0234,d224:0.0233,d211:0.0226,d208:0.0219,d123:0.0205,d151:0.0204,d040:0.0192,d193:0.0188,d237:0.0178,d276:0.0178,d203:0.0166,d181:0.0164,d031:0.0164,d281:0.0158,d142:0.0151,d265:0.0147,d083:0.0146,d204:0.0146,d229:0.0145,d135:0.0144,d028:0.0143,d253:0.0142,d303:0.0141,d209:0.014,d072:0.0138,d212:0.0128,d207:0.0124,d218:0.011,d242:0.0106,d197:0.0104,d205:0.0101,d214:0.0099,d177:0.0051
q25	d166:0.2859,d020:0.1817,d328:0.162,d156:0.13,d128:0.125,d023:0.1239,d265:0.1129,d167:0.0608,d245:0.0475,d032:0.0274,d247:0.0259
q26	d152:0.5365,d095:0.0879,d291:0.0867,d143:0.0812,d171:0.0811,d131:0.0635,d228:0.0625,d147:0.0533,d241:0.0513,d066:0.0482,d293:0.0433,d206:0.0404,d052:0.0385,d300:0.0383,d231:0.0331,d318:0.032,d316:0.0258,d136:0.0253,d002:0.0245,d105:0.023,d092:0.0224,d094:0.0209,d208:0.019,d322:0.0189,d235:0.0178,d183:0.0175,d190:0.0172,d007:0.017,d323:0.0156,d292:0.014,d138:0.0136,d224:0.0127,d109:0.0123,d306:0.0123,d149:0.0121,d012:0.0118,d161:0.0114,d173:0.0109,d219:0.0108,d283:0.0108,d197:0.0103,d312:0.0097,d098:0.0095,d164:0.0091,d287:0.009,d029:0.009,d290:0.0087,d279:0.0087,d212:0.0084,d113:0.0083,d284:0.0073,d017:0.0073,d117:0.0072,d140:0.0071,d062:0.0071,d027:0.0068,d331:0.0068,d265:0.0067,d036:0.0065,d129:0.0065,d215:0.0064,d116:0.0064,d199:0.0063,d277:0.0063,d141:0.0061,d133:0.006,d305:0.0058,d033:0.0057,d210:0.0055,d175:0.0052,d182:0.0051,d179:0.005,d003:0.0048,d263:0.0045
q27	d103:0.0498,d316:0.0383,d054:0.0375,d051:0.0294,d187:0.0249,d056:0.0248,d058:0.0247,d116:0.0244,d227:0.0221,d211:0.0218,d166:0.0217,d159:0.0211,d074:0.021,d152:0.021,d067:0.0208,d291:0.0196,d136:0.0196,d064:0.0193,d293:0.0193,d094:0.0193,d066:0.0192,d109:0.0185,d107:0.0169,d017:0.0166,d158:0.0161,d209:0.0158,d251:0.0154,d085:0.0147,d042:0.0131,d143:0.0124,d296:0.0123,d033:0.0122,d083:0.0117,d222:0.0117,d079:0.0116,d215:0.0113,d023:0.011,d132:0.0108,d030:0.0107,d119:0.0106,d130:0.01,d102:0.01,d238:0.0097,d108:0.0093,d199:0.0093,d029:0.0092,d014:0.0092,d290:0.009,d141:0.0089,d005:0.0087,d139:0.0085,d080:0.0084,d150:0.0083,d210:0.0082,d101:0.0077,d325:0.0075,d281:0.0074,d274:0.0072,d167:0.0072,d271:0.0067,d269:0.0067,d077:0.006,d055:0.0057,d276:0.005,d174:0.0046,d299:0.0046,d198:0.0044,d088:0.0043,d237:0.0042,d156:0.004,d300:0.0039,d170:0.0038,d279:0.0038,d018:0.0034,d259:0.0034,d129:0.0033,d161:0.0032,d322:0.0032,d020:0.0032,d306:0.0032,d283:0.0031,d012:0.003,d015:0.003,d197:0.0029,d016:0.0029,d026:0.0029,d231:0.0028,d173:0.0028,d194:0.0027,d179:0.0026,d318:0.0022,d184:0.002
q28	d316:0.0882,d136:0.0555,d056:0.0483,d291:0.039,d094:0.035,d066:0.0337,d279:0.0332,d035:0.0309,d322:0.0258,d212:0.0255,d070:0.025,d102:0.0245,d173:0.0238,d152:0.0233,d296:0.0215,d159:0.0206,d080:0.0205,d079:0.0197,d042:0.0192,d226:0.0191,d264:0.0187,d289:0.0185,d321:0.0181,d292:0.0176,d143:0.0173,d037:0.0165,d147:0.0163,d132:0.0156,d174:0.0156,d295:0.0145,d237:0.0141,d271:0.0135,d191:0.0133,d309:0.0126,d273:0.0125,d107:0.012,d086:0.0118,d275:0.0117,d085:0.0113,d263:0.0112,d254:0.0107,d327:0.0106,d165:0.0102,d099:0.0102,d193:0.0102,d160:0.0095,d153:0.0094,d252:0.0093,d008:0.0092,d141:0.009,d109:0.0089,d015:0.0088,d186:0.0087,d283:0.0086,d183:0.0085,d294:0.0083,d110:0.0082,d055:0.0082,d270:0.0081,d241:0.008,d194:0.0079,d312:0.0079,d168:0.0078,d267:0.0076,d072:0.0076,d046:0.0076,d031:0.0073,d328:0.0072,d276:0.0071,d310:0.007,d299:0.0069,d064:0.0069,d259:0.0066,d248:0.0065,d129:0.0065,d329:0.0065,d058:0.0065,d185:0.0065,d243:0.0064,d098:0.0064,d047:0.0064,d054:0.0063,d269:0.0063,d246:0.0063,d084:0.0062,d106:0.0062,d198:0.0062,d230:0.0062,d260:0.0061,d088:0.0061,d012:0.006,d060:0.0058,d013:0.0057,d019:0.0057,d144:0.0056,d027:0.0055,d297:0.0055,d170:0.0055,d240:0.0054,d010:0.0054,d026:0.0054,d231:0.0054,d221:0.0053,d115:0.0053,d233:0.0053,d023:0.0053,d298:0.0051,d331:0.005,d120:0.0049,d180:0.0049,d161:0.0049,d018:0.0048,d211:0.0048,d306:0.0047,d278:0.0047,d303:0.0047,d089:0.0046,d169:0.0045,d077:0.0045,d029:0.0043,d305:0.0043,d235:0.0043,d216:0.0042,d195:0.004,d150:0.004,d190:0.004,d049:0.004,d052:0.0039,d125:0.0039,d239:0.0038,d304:0.0037,d048:0.0034,d123:0.0034,d071:0.0032,d103:0.0031,d188:0.003,d148:0.003,d293:0.0028,d330:0.0028,d307:0.0028,d189:0.0028,d162:0.0027,d116:0.0026,d250:0.0026,d314:0.0025,d236:0.0024,d220:0.0023,d022:0.0022,d219:0.0022,d011:0.0021,d290:0.0021,d175:0.0021,d318:0.0021,d091:0.002,d313:0.002,d184:0.0019,d222:0.0019,d057:0.0019,d287:0.0018,d111:0.0018,d001:0.0018,d067:0.0018,d325:0.0018,d045:0.0018,d061:0.0017,d281:0.0017,d069:0.0017,d202:0.0017,d119:0.0017,d130:0.0016,d063:0.0016,d308:0.0015,d277:0.0015,d108:0.0015,d247:0.0015,d014:0.0014,d087:0.0014,d021:0.0014,d256:0.0014,d097:0.0014,d286:0.0014,d121:0.0014,d197:0.0014,d016:0.0014,d100:0.0013,d149:0.0013,d210:0.0013,d096:0.0013,d053:0.0013,d262:0.0013,d093:0.0012,d133:0.0012,d164:0.0012,d324:0.0012,d179:0.0012,d244:0.0012,d249:0.0012,d139:0.0012,d024:0.0012,d039:0.0011,d003:0.001
q29	d314:0.1011,d113:0.0634,d001:0.0575,d120:0.0487,d037:0.042,d133:0.0387,d261:0.031,d046:0.0289,d062:0.0273,d070:0.0269,d173:0.0256,d191:0.0252,d286:0.022,d212:0.022,d226:0.0205,d159:0.0164,d291:0.013,d107:0.0129,d086:0.0127,d279:0.0115,d136:0.011,d099:0.011,d160:0.0103,d254:0.0099,d055:0.0088,d252:0.0086,d186:0.0081,d102:0.0077,d276:0.0076,d264:0.0074,d008:0.0074,d064:0.0074,d174:0.007,d329:0.007,d058:0.007,d047:0.0069,d294:0.0067,d106:0.0067,d198:0.0067,d295:0.0065,d270:0.0065,d312:0.0064,d237:0.0064,d153:0.0061,d013:0.0061,d019:0.0061,d292:0.0061,d031:0.0059,d170:0.0059,d309:0.0057,d331:0.0054,d056:0.0053,d269:0.0051,d278:0.0051,d089:0.005,d169:0.0049,d327:0.0048,d283:0.0047,d147:0.0047,d165:0.0046,d015:0.0046,d305:0.0046,d216:0.0046,d085:0.0045,d027:0.0045,d026:0.0044,d231:0.0043,d195:0.0043,d115:0.0043,d241:0.0042,d052:0.0042,d194:0.0041,d168:0.0041,d193:0.004,d328:0.0038,d123:0.0037,d263:0.0036,d293:0.003,d303:0.003,d048:0.0028
q32	d090:0.2267,d025:0.1871,d067:0.1021,d139:0.0911,d092:0.0485,d282:0.0353,d254:0.0335,d140:0.0324,d305:0.0266,d141:0.0231,d324:0.0228,d060:0.0226,d279:0.0221,d172:0.0187,d072:0.0171,d031:0.017,d042:0.0168,d284:0.0167,d053:0.0163,d262:0.0163,d317:0.0153,d083:0.0151,d226:0.0148,d105:0.0137,d235:0.0134,d015:0.0133,d184:0.0119,d271:0.011,d227:0.0106
q34	d224:0.0483,d312:0.0391,d075:0.0391,d221:0.0388,d113:0.0356,d198:0.0348,d110:0.0324,d043:0.0312,d040:0.0305,d034:0.0303,d037:0.0293,d232:0.0259,d288:0.0258,d216:0.025,d091:0.025,d270:0.0247,d108:0.0238,d059:0.0237,d246:0.0235,d138:0.0234,d062:0.0234,d047:0.0234,d106:0.0227,d010:0.0226,d261:0.0216,d142:0.0203,d207:0.0201,d122:0.0201,d060:0.02,d266:0.0196,d219:0.0194,d192:0.019,d241:0.0187,d148:0.0186,d117:0.0178,d235:0.0176,d237:0.0175,d196:0.0174,d130:0.0166,d260:0.0165,d170:0.0161,d325:0.0159,d225:0.0158,d180:0.0156,d281:0.0155,d027:0.0153,d151:0.0153,d327:0.015,d044:0.0145,d282:0.0144,d290:0.0144,d024:0.0143,d070:0.0141,d278:0.0139,d066:0.0139,d308:0.0136,d087:0.0129,d015:0.0126,d082:0.0125,d227:0.0124,d085:0.0123,d081:0.0121,d045:0.012,d099:0.0115,d202:0.0114,d248:0.0113,d193:0.0111,d126:0.0109,d086:0.0108,d226:0.0107,d063:0.0106,d215:0.0106,d127:0.0105,d089:0.0103,d292:0.0103,d223:0.0101,d095:0.01,d181:0.01,d039:0.01,d279:0.0098,d061:0.0097,d271:0.0097,d144:0.0097,d197:0.0093,d119:0.0092,d213:0.0092,d210:0.0091,d112:0.0089,d071:0.0088,d250:0.0088,d032:0.0087,d253:0.0087,d243:0.0085,d190:0.0085,d118:0.0084,d093:0.0084,d133:0.0083,d211:0.0083,d166:0.0082,d020:0.0082,d236:0.0082,d006:0.0082,d009:0.0082,d283:0.008,d256:0.0079,d005:0.0078,d242:0.0077,d264:0.0077,d008:0.0077,d307:0.0077,d189:0.0077,d123:0.0077,d201:0.0077,d035:0.0076,d121:0.0076,d162:0.0076,d022:0.0075,d080:0.0075,d055:0.0075,d026:0.0074,d252:0.0073,d214:0.0072,d052:0.0071,d092:0.0071,d050:0.0071,d194:0.007,d294:0.007,d301:0.0069,d109:0.0069,d125:0.0067,d249:0.0066,d155:0.0064,d013:0.0064,d078:0.0063,d209:0.0063,d136:0.0062,d287:0.0062,d001:0.0061,d255:0.0058,d098:0.0058,d240:0.0058,d274:0.0058,d320:0.0057,d296:0.0055,d135:0.0054,d046:0.0051,d076:0.0051,d073:0.0049,d305:0.0048,d200:0.0048,d048:0.0047,d286:0.0047,d042:0.0045,d205:0.0045,d195:0.0045,d096:0.0045,d316:0.0043,d182:0.0042,d164:0.0041,d079:0.004,d038:0.004,d251:0.0039,d203:0.0037
q36	d220:0.1799,d095:0.1154,d257:0.1096,d162:0.1088,d321:0.0929,d023:0.0824,d277:0.0721,d150:0.0522,d265:0.0519,d247:0.046,d198:0.038,d272:0.029,d328:0.0269,d107:0.0118,d020:0.0115,d131:0.0098,d100:0.0092,d167:0.009,d007:0.0078,d268:0.0066,d229:0.0055,d102:0.0054,d076:0.0052,d310:0.0051,d203:0.0051,d055:0.0047,d319:0.0046,d316:0.0043,d031:0.0042,d060:0.0042,d170:0.0042,d279:0.0041,d309:0.004,d281:0.004,d255:0.0039,d069:0.0039,d320:0.0039,d191:0.0037,d103:0.0036,d294:0.0036,d208:0.0033,d283:0.0033,d157:0.0028,d033:0.0026,d035:0.0026,d290:0.0024,d110:0.0024,d248:0.0024,d088:0.0023,d313:0.0023,d270:0.0023,d054:0.0023,d266:0.0022,d013:0.0022,d019:0.0022,d292:0.0021,d067:0.0021,d284:0.002,d119:0.0019,d083:0.0018,d275:0.0018,d323:0.0018,d253:0.0018,d051:0.0018,d322:0.0018,d046:0.0017,d306:0.0017,d218:0.0017,d021:0.0017,d012:0.0016,d256:0.0016,d235:0.0016,d077:0.0016,d189:0.0016,d286:0.0016,d085:0.0016,d027:0.0016,d138:0.0016,d010:0.0016,d231:0.0015,d149:0.0015,d115:0.0015,d262:0.0015,d092:0.0015,d094:0.0015,d109:0.0014,d186:0.0014,d093:0.0014,d182:0.0014,d141:0.0014,d079:0.0014,d244:0.0014,d136:0.0013,d143:0.0012,d017:0.0011,d158:0.0011,d003:0.0011,d271:0.001
q37	d169:0.1546,d116:0.0684,d062:0.0302,d327:0.0228,d141:0.019,d294:0.016
q38	d239:0.0554,d263:0.0525,d294:0.0322,d056:0.031,d229:0.0306,d036:0.0301,d161:0.0292,d138:0.028,d258:0.0268,d118:0.0268,d067:0.0259,d066:0.0241,d270:0.024,d317:0.0233,d039:0.0228,d051:0.0223,d277:0.0217,d312:0.0211,d058:0.0205,d011:0.0205,d325:0.0192,d260:0.019,d255:0.0184,d311:0.0182,d095:0.0177,d296:0.0173,d031:0.0173,d235:0.0171,d284:0.017,d151:0.0162,d331:0.0157,d250:0.0155,d305:0.0152,d236:0.0145,d169:0.0143,d302:0.0143,d096:0.0142,d132:0.0141,d225:0.0137,d035:0.0134,d025:0.0133,d180:0.0129,d092:0.0124,d198:0.0123,d122:0.0117,d084:0.0115,d280:0.0113,d102:0.0112,d224:0.0111,d078:0.0111,d043:0.0111,d190:0.0102,d075:0.0099,d197:0.0098,d124:0.0089,d176:0.0086,d059:0.0084,d062:0.0083,d316:0.0075,d110:0.0075,d129:0.0075,d243:0.0073,d182:0.0073,d142:0.0072,d266:0.007,d192:0.0067,d010:0.0065,d183:0.0063,d117:0.0063,d052:0.0062,d196:0.0062,d109:0.0059,d130:0.0059,d141:0.0058,d108:0.0055,d246:0.0054,d327:0.0053,d044:0.0051,d282:0.0051,d290:0.0051,d232:0.0051,d070:0.005,d091:0.0049,d113:0.0048,d003:0.0046,d303:0.0044,d082:0.0044,d081:0.0043,d045:0.0043,d099:0.0041,d202:0.004,d037:0.004,d207:0.0039,d126:0.0039,d226:0.0038,d063:0.0038,d215:0.0038,d127:0.0037,d089:0.0037,d148:0.0036,d223:0.0036,d288:0.0035,d216:0.0034,d213:0.0033,d221:0.0032,d210:0.0032,d093:0.003,d133:0.0029,d009:0.0029,d024:0.0028,d264:0.0027,d008:0.0027,d123:0.0027,d201:0.0027,d022:0.0027,d080:0.0027,d219:0.0026,d040:0.0025,d050:0.0025,d301:0.0024,d237:0.0024,d155:0.0023,d013:0.0023,d209:0.0022,d287:0.0022,d001:0.0022,d170:0.0022,d281:0.0021,d240:0.002,d274:0.002,d320:0.002,d135:0.0019,d278:0.0019,d308:0.0018,d046:0.0018,d076:0.0018,d087:0.0017,d073:0.0017,d015:0.0017,d200:0.0017,d286:0.0017,d085:0.0017,d042:0.0016,d205:0.0016,d195:0.0016,d241:0.0016,d193:0.0015,d164:0.0015,d079:0.0014,d038:0.0014,d251:0.0014,d203:0.0013
q40	d307:0.1064,d283:0.0943,d042:0.0807,d250:0.0767,d228:0.0637,d252:0.0479,d047:0.0439,d262:0.0428,d098:0.0382,d173:0.0363,d242:0.0354,d112:0.0334,d046:0.0324,d122:0.0323,d131:0.0299,d288:0.0286,d058:0.0277,d189:0.0249,d022:0.0238,d223:0.0234,d064:0.0226,d248:0.0226,d291:0.0215,d142:0.0213,d082:0.0203,d241:0.0202,d144:0.0193,d012:0.0191,d124:0.0188,d306:0.0182,d263:0.0182,d111:0.018,d238:0.0172,d138:0.0169,d174:0.0164,d296:0.0161,d091:0.0158,d325:0.0157,d106:0.0155,d113:0.0151,d222:0.0148,d063:0.0139,d279:0.0137,d164:0.0132,d119:0.013,d118:0.0125,d275:0.0123,d318:0.0113,d025:0.0109,d257:0.0105,d035:0.0099,d093:0.0097,d271:0.0096,d125:0.0094,d249:0.0092,d254:0.0082,d021:0.0079,d105:0.0078,d136:0.0075,d121:0.0074,d197:0.0073,d092:0.0071,d194:0.007,d234:0.007,d051:0.0069,d161:0.0068,d017:0.0065,d225:0.0064,d147:0.0064,d109:0.0055,d179:0.0053,d220:0.0051,d293:0.005,d039:0.005,d080:0.0049,d040:0.0047,d075:0.0045,d158:0.0043,d266:0.0043,d272:0.0042,d153:0.0042,d192:0.0041,d300:0.0041,d117:0.0039,d281:0.0038,d321:0.0038,d177:0.0037,d207:0.0036,d056:0.0036,d317:0.0036,d083:0.0036,d126:0.0036,d135:0.0035,d160:0.0035,d269:0.0035,d215:0.0035,d089:0.0034,d188:0.0034,d006:0.0033,d305:0.0031,d077:0.0031,d152:0.0031,d100:0.003,d149:0.003,d094:0.0028,d079:0.0026,d123:0.0025,d203:0.0024
q41	d174:0.0659,d128:0.0379,d150:0.0369,d268:0.0303,d036:0.0244,d014:0.0134,d050:0.0129,d195:0.0124,d272:0.0118,d209:0.0115,d223:0.0093,d306:0.0092,d330:0.0087,d092:0.008,d236:0.0075,d228:0.0074,d102:0.0073,d007:0.007,d227:0.007,d310:0.0068,d088:0.0063,d177:0.0063,d091:0.0063,d266:0.006,d311:0.0059,d156:0.0058,d078:0.0058,d101:0.0056,d023:0.0055,d279:0.0055,d309:0.0054,d140:0.0053,d297:0.0053,d099:0.0052,d159:0.0052,d122:0.0051,d130:0.005,d056:0.005,d161:0.0047,d105:0.0045,d087:0.0045,d012:0.0044,d077:0.0044,d200:0.0044,d189:0.0043,d027:0.0043,d055:0.0042,d257:0.0042,d210:0.0041,d115:0.0041,d199:0.004,d094:0.0039,d157:0.0037,d079:0.0037,d249:0.0037,d039:0.0035,d203:0.0034,d263:0.0034,d175:0.0033,d294:0.0032,d260:0.0031,d158:0.003,d184:0.003
q42	d298:0.428,d220:0.1493,d095:0.0958,d162:0.0889,d218:0.0301,d125:0.0286,d314:0.0282,d174:0.0234,d216:0.0223,d224:0.0213,d048:0.0211,d272:0.0205,d241:0.0189,d203:0.0189,d208:0.0177,d069:0.0158,d168:0.0143,d156:0.0142,d062:0.0125,d202:0.0116,d084:0.0104,d252:0.0101,d146:0.0096,d222:0.0092,d264:0.0087,d061:0.0081,d268:0.0081,d114:0.008,d196:0.0079,d155:0.0072,d215:0.0072,d043:0.0072,d078:0.0071,d300:0.0071,d148:0.007,d227:0.0069,d122:0.0068,d273:0.0065,d248:0.0064,d119:0.0064,d167:0.0063,d256:0.0063,d195:0.0061,d260:0.0061,d191:0.0061,d116:0.006,d010:0.006,d161:0.0058,d001:0.0056,d099:0.0056,d327:0.0056,d236:0.0056,d207:0.0055,d276:0.0054,d286:0.0053,d280:0.0052,d265:0.0051,d299:0.005,d259:0.005,d008:0.0047,d198:0.0047,d022:0.0046,d073:0.0045,d024:0.0044,d163:0.0044,d258:0.0043,d111:0.0042,d128:0.0041,d312:0.0041,d154:0.004,d320:0.0039,d049:0.0039,d072:0.0038,d081:0.0037,d251:0.0036,d159:0.0035,d277:0.0035,d211:0.0034,d247:0.0034,d006:0.0034,d285:0.0031,d055:0.0031,d087:0.003,d283:0.003,d245:0.0028,d257:0.0028,d221:0.0028,d100:0.0028,d249:0.0027,d123:0.0026,d201:0.0026,d328:0.0024,d011:0.0022,d040:0.0022,d070:0.0022,d303:0.0021,d088:0.0021,d091:0.0021,d270:0.0021,d172:0.0021,d261:0.002,d028:0.002,d023:0.0018,d309:0.0018,d255:0.0018,d131:0.0018,d065:0.0018,d037:0.0017,d018:0.0017,d056:0.0017,d071:0.0017,d135:0.0017,d103:0.0016,d032:0.0016,d051:0.0016,d089:0.0016,d108:0.0016,d177:0.0016,d137:0.0016,d020:0.0015,d014:0.0015,d041:0.0015,d085:0.0014,d210:0.0014,d214:0.0014,d053:0.0014,d316:0.0013,d118:0.0013,d182:0.0013,d068:0.0012,d175:0.0011,d143:0.0011,d098:0.0011,d158:0.001,d184:0.001
q44	d220:0.2011,d095:0.129,d162:0.1198,d029:0.1195,d105:0.0999,d239:0.0734,d185:0.0521,d164:0.0472,d254:0.0427,d085:0.0284,d246:0.0284,d272:0.0276,d314:0.0241,d126:0.022,d148:0.0207,d193:0.0185,d182:0.0155,d059:0.0147,d060:0.0135,d067:0.0135,d003:0.0132,d117:0.013,d170:0.0124,d071:0.0119,d191:0.0119,d215:0.0116,d267:0.0116,d181:0.0114,d046:0.0113,d325:0.0112,d271:0.0111,d073:0.0107,d278:0.0099,d305:0.0097,d016:0.0093,d042:0.0092,d252:0.0091,d139:0.0087,d055:0.0085,d262:0.0082,d203:0.0082,d304:0.008,d167:0.0074,d184:0.0065,d048:0.0054,d177:0.0043
q45	d105:0.1427,d029:0.0616,d185:0.0601,d085:0.0466,d126:0.0427,d164:0.0395,d170:0.0352,d254:0.0324,d188:0.0265,d204:0.0221,d148:0.0214,d003:0.0195,d302:0.0172,d055:0.0155,d100:0.0153,d090:0.0143,d118:0.0112,d267:0.011,d305:0.01,d016:0.0096,d042:0.0095,d252:0.0094,d285:0.0091,d223:0.009,d283:0.0086,d225:0.0086,d015:0.0085,d304:0.0083,d316:0.0075,d109:0.0075,d228:0.0072,d184:0.0068,d143:0.0063,d091:0.0061,d260:0.006,d054:0.0059,d034:0.0055,d171:0.0055,d067:0.0054,d325:0.0053,d271:0.0053,d062:0.0052,d074:0.0049,d215:0.0047,d322:0.0046,d076:0.0045,d306:0.0045,d147:0.0043,d330:0.0042,d152:0.0042,d138:0.0041,d162:0.0041,d026:0.004,d149:0.004,d262:0.0039,d168:0.0038,d093:0.0037,d179:0.0036,d038:0.0036,d251:0.0034,d136:0.0034,d039:0.0034,d294:0.0031,d158:0.0029
q46	d145:0.1781,d321:0.0914,d013:0.0873,d133:0.0812,d122:0.079,d121:0.0724,d041:0.0625,d081:0.0602,d091:0.0591,d030:0.0587,d125:0.0572,d093:0.0557,d117:0.0513,d144:0.0504,d066:0.0503,d156:0.0496,d002:0.0473,d180:0.0421,d082:0.0414,d005:0.0413,d280:0.0398,d022:0.0389,d136:0.038,d094:0.0368,d075:0.0358,d247:0.0348,d023:0.0332,d314:0.031,d188:0.0303,d062:0.0302,d219:0.0294,d130:0.0285,d088:0.0271,d277:0.0255,d209:0.0254,d142:0.025,d171:0.0242,d242:0.0209,d104:0.0204,d105:0.0194,d025:0.019,d077:0.019,d150:0.018,d181:0.018,d147:0.0169,d179:0.0165,d097:0.0162,d009:0.016,d139:0.0159,d288:0.0144,d174:0.0136,d319:0.0136,d115:0.0132,d153:0.0125,d325:0.0118,d178:0.0114,d275:0.0109,d215:0.0104,d051:0.0103,d246:0.0103,d110:0.0102,d238:0.0099,d308:0.0096,d152:0.0093,d016:0.0093,d192:0.0093,d100:0.0092,d194:0.0087,d090:0.0085,d168:0.0083,d157:0.008,d024:0.008,d201:0.0077,d254:0.0076,d089:0.0076,d143:0.0066,d052:0.0064,d190:0.0063,d293:0.0059,d177:0.0046
